"gene_name","Ensembl_ID","baseMean","log2FoldChange","lfcSE","stat","pvalue","padj"
"XGY2","ENSG00000288686.2",3.42590798941058,-22.5357948067587,3.38383328048893,-6.65984194218414,2.74122222815521e-11,6.30124753586038e-07
"BLOC1S5-TXNDC5","ENSG00000259040.5",26.0191004598297,23.8616640695138,3.87672126094048,6.15511471250967,7.50231722746403e-10,8.62278830538579e-06
"TBC1D3","ENSG00000274611.4",55.3059444441805,-22.2092397902783,3.95096744721561,-5.62121558504106,1.89618468845819e-08,0.000145291991445295
"PLD5","ENSG00000180287.17",5.00942263613823,5.73670557369863,1.26318846533778,4.54144866828292,5.58689899809207e-06,0.0321065118172856
"NOTCH3","ENSG00000074181.9",44.0906229965033,-4.58186495598152,1.05129103618785,-4.35832209945981,1.31063396408921e-05,0.0502125715541978
