"gene_name","Ensembl_ID","baseMean","log2FoldChange","lfcSE","stat","pvalue","padj"
"XIST","ENSG00000229807.13",55443.7908293469,15.2477200991072,2.77716029830673,5.49039971095796,4.01025148021247e-08,0.000839866967500898
"CDT1","ENSG00000167513.9",88.3546245123402,3.41989594939693,0.761093072384579,4.49340044402462,7.00947982651934e-06,0.0733997680033973
