"gene_name","Ensembl_ID","baseMean","log2FoldChange","lfcSE","stat","pvalue","padj"
"SLC6A15","ENSG00000072041.18",3.8329439784661,23.2410629511008,3.9051860756212,5.95133304817079,2.65967237783158e-09,2.87976026709715e-05
"ENSG00000285283","ENSG00000285283.1",7.65323986455971,23.9264522021131,3.98774113623189,6.00000135031878,1.97315888138447e-09,2.87976026709715e-05
"GSTM1","ENSG00000134184.13",79.7147016866045,-23.5305372279846,4.25186448178919,-5.53416914597497,3.12707094896631e-08,0.000225722404666218
"CA5A","ENSG00000174990.8",19.336063737449,-22.6302413492976,4.27464779404606,-5.29405987104203,1.19630237877441e-07,0.000647648200308994
"RNVU1-7","ENSG00000206585.1",86.0446689632833,-21.3812656897987,4.34738044559204,-4.91819521143541,8.73457848204016e-07,0.00378294594057159
"PIK3R3","ENSG00000117461.15",141.378624416979,-1.50932960549923,0.315680886378555,-4.78118780903727,1.74262463511026e-06,0.00610568940191164
"RPS10-NUDT3","ENSG00000270800.3",148.852917021713,-4.11115474464472,0.864395875301061,-4.75610176091232,1.97367009066643e-06,0.00610568940191164
"PTCH1","ENSG00000185920.18",890.223758190225,-1.21731089708453,0.283268780106321,-4.29737049253231,1.72836179224252e-05,0.0467845932637648
"HJURP","ENSG00000123485.12",39.4363879366443,2.5524479940083,0.608926333476387,4.19171885609917,2.7684894247767e-05,0.0666129316594882
