"Term","Overlap","P.value","Adjusted.P.value","Old.P.value","Old.Adjusted.P.value","Odds.Ratio","Combined.Score","Genes"
"G57317CE","1/40",0.0953640965755272,0.32617191959762,0,0,10.4191522762951,24.4855612889518,"CD248"
"G29068FM","2/210",0.0969030354960367,0.32617191959762,0,0,3.95472756410256,9.2305098609873,"FGFBP2;CD248"
"G78790NZ","1/68",0.156755649080656,0.32617191959762,0,0,6.05635089856838,11.2228243619718,"CACHD1"
"G90093AU","1/71",0.16308595979881,0.32617191959762,0,0,5.79591836734694,10.5107696169887,"CACHD1"
"G53434XO","1/157",0.326005481520818,0.521608770433308,0,0,2.5894819466248,2.90239775017796,"CD248"
"G43417UB","2/596",0.441503696279988,0.588671595039984,0,0,1.35774410774411,1.1100493388336,"FGFBP2;CD248"
"G64527OM","1/331",0.566322796002882,0.607342534502958,0,0,1.21335807050093,0.689904542226305,"B3GAT1"
"G70994MS","1/370",0.607342534502958,0.607342534502958,0,0,1.0829600132736,0.540031374161847,"SNTG2"
