"Term","Overlap","P.value","Adjusted.P.value","Old.P.value","Old.Adjusted.P.value","Odds.Ratio","Combined.Score","Genes"
"H.sapiens: The human species","1/172",0.351044425036804,0.996333885560105,0,0,2.36054421768708,2.47111800186849,"DEFA1"
"Euarchontoglires: Superorder of Mammals including rodents and primates","1/285",0.512522324105075,0.996333885560105,0,0,1.41319344639264,0.944594058388951,"BEX1"
"Opisthokonta: Fungi/Metazoa Group","1/580",0.77082476432143,0.996333885560105,0,0,0.682774664269853,0.177722295177059,"MPPED2"
"Euteleostomi: Bony vertebrates","14/6637",0.823191795784115,0.996333885560105,0,0,0.782533930578623,0.152254544284196,"TMC1;FGFBP2;F8A2;LRRN3;ODF3;B3GAT1;SLC4A10;PIK3R3;GFAP;VMO1;TMEM37;SNTG2;POLR3G;ADAMTS6"
"Arthropoda: Insects","2/1439",0.883715416022566,0.996333885560105,0,0,0.536795407098121,0.0663587533034836,"CACHD1;FSCN2"
"Tetrapoda: First four limbed Vertebrates and Descendents","2/1483",0.894030670272471,0.996333885560105,0,0,0.519609498086878,0.0582041606054362,"KLHL4;GRAMD4"
"Bilateria: Animals with bilateral symmetry","1/1451",0.976960238874719,0.996333885560105,0,0,0.260380014074595,0.006069282352683,"KCNQ5"
"Eukaryota: Organisms with membrane bound nuclues and organelles","2/2484",0.989392283644358,0.996333885560105,0,0,0.293244695138329,0.0031272726403201,"GPT2;SLC25A20"
"Boreoeutheria: Placental Mammals","2/2907",0.996333885560105,0.996333885560105,0,0,0.244477911646586,0.000897930968527855,"ZNF683;CD248"
