"Term","Overlap","P.value","Adjusted.P.value","Old.P.value","Old.Adjusted.P.value","Odds.Ratio","Combined.Score","Genes"
"Linopirdine","1/5",0.0124387771927725,0.0688954283397423,0,0,101.765306122449,446.437935140061,"KCNQ5"
"Gabapentin","1/10",0.0247259488172581,0.0688954283397423,0,0,45.2176870748299,167.301012082339,"KCNQ5"
"Pyrithione Zinc","1/14",0.0344477141698712,0.0688954283397423,0,0,31.298273155416,105.422368949113,"KCNQ5"
"Fampridine","1/40",0.0953640965755272,0.0953640965755272,0,0,10.4191522762951,24.4855612889518,"KCNQ5"
"Guanidine","1/40",0.0953640965755272,0.0953640965755272,0,0,10.4191522762951,24.4855612889518,"KCNQ5"
"Amifampridine","1/40",0.0953640965755272,0.0953640965755272,0,0,10.4191522762951,24.4855612889518,"KCNQ5"
