"Term","Overlap","P.value","Adjusted.P.value","Old.P.value","Old.Adjusted.P.value","Odds.Ratio","Combined.Score","Genes"
"mTORC1 Signaling","2/200",0.0892414542606553,0.395368155751054,0,0,4.15656565656566,10.0439652116179,"PIK3R3;POLR3G"
"PI3K/AKT/mTOR  Signaling","1/105",0.231653661546854,0.395368155751054,0,0,3.89442700156986,5.69564568108454,"PIK3R3"
"UV Response Dn","1/144",0.303541066856119,0.395368155751054,0,0,2.82674468388754,3.37015346511746,"PIK3R3"
"Oxidative Phosphorylation","1/200",0.395368155751054,0.395368155751054,0,0,2.02553584247769,1.87957149282382,"SLC25A20"
"Glycolysis","1/200",0.395368155751054,0.395368155751054,0,0,2.02553584247769,1.87957149282382,"B3GAT1"
"Apical Junction","1/200",0.395368155751054,0.395368155751054,0,0,2.02553584247769,1.87957149282382,"PIK3R3"
"Estrogen Response Early","1/200",0.395368155751054,0.395368155751054,0,0,2.02553584247769,1.87957149282382,"MPPED2"
