"Term","Overlap","P.value","Adjusted.P.value","Old.P.value","Old.Adjusted.P.value","Odds.Ratio","Combined.Score","Genes"
"Axon guidance mediated by netrin","1/30",0.0723939657090184,0.22688300894838,0,0,14.0190007037298,36.8087414767415,"PIK3R3"
"PI3 kinase pathway","1/38",0.0908151166313485,0.22688300894838,0,0,10.9834528405957,26.3485293003408,"PIK3R3"
"p53 pathway feedback loops 2","1/42",0.0998907694703361,0.22688300894838,0,0,9.90990542558487,22.8292310643337,"PIK3R3"
"VEGF signaling pathway","1/55",0.128777761392217,0.22688300894838,0,0,7.51927437641723,15.412009607623,"PIK3R3"
"T cell activation","1/61",0.141801880592737,0.22688300894838,0,0,6.76530612244898,13.2148375405932,"PIK3R3"
"PDGF signaling pathway","1/116",0.252634966589978,0.327703796855259,0,0,3.51996450754215,4.84280114390583,"PIK3R3"
"Angiogenesis","1/141",0.298253677795296,0.327703796855259,0,0,2.88775510204082,3.49363756094843,"PIK3R3"
"Integrin signalling pathway","1/158",0.327703796855259,0.327703796855259,0,0,2.57285844274015,2.8703970097526,"PIK3R3"
