"Term","Overlap","P.value","Adjusted.P.value","Old.P.value","Old.Adjusted.P.value","Odds.Ratio","Combined.Score","Genes"
"Hs Mitochondrial LC-Fatty Acid Beta-Oxidation WP368 21451","1/16",0.0392729207344652,0.336224070011824,0,0,27.1224489795918,87.8013353011642,"SLC25A20"
"Hs Fatty Acid Beta Oxidation WP143 20983","1/31",0.0747164600026276,0.336224070011824,0,0,13.5510204081633,35.1520903887112,"SLC25A20"
"Hs Alpha6-Beta4 Integrin Signaling Pathway WP244 21193","1/63",0.146100703414545,0.337805969121272,0,0,6.54641211323239,12.5917562502396,"PIK3R3"
"Hs Toll-like receptor signaling pathway (for GenMAPP) WP75 26601","1/94",0.210095436800202,0.337805969121272,0,0,4.35747202106649,6.79849904676328,"PIK3R3"
"Hs Toll-like receptor signaling pathway WP245 26599","1/94",0.210095436800202,0.337805969121272,0,0,4.35747202106649,6.79849904676328,"PIK3R3"
"Hs Regulation of Actin Cytoskeleton WP51 20783","1/129",0.27670792410592,0.337805969121272,0,0,3.16039540816327,4.06045312240468,"PIK3R3"
"Hs Insulin Signaling WP481 28132","1/148",0.31053022703461,0.337805969121272,0,0,2.74927113702624,3.21520120387571,"PIK3R3"
"Hs MAPK signaling pathway WP382 28779","1/148",0.31053022703461,0.337805969121272,0,0,2.74927113702624,3.21520120387571,"TMEM37"
"Hs EGFR1 Signaling Pathway WP437 21600","1/164",0.337805969121272,0.337805969121272,0,0,2.47740077626142,2.68868244347541,"PIK3R3"
