"name","mean","lfc","padj","direction"
"XIST",15.7587643016552,15.2477200991072,0.000839866967500818,"Up"
