"gene_name","Ensembl_ID","baseMean","log2FoldChange","lfcSE","stat","pvalue","padj"
"F8A2","ENSG00000288709.1",14.0062023455448,24.47230867809,2.51161100903944,9.7436699353573,1.96332963801903e-22,4.19602810237428e-18
"XGY2","ENSG00000288686.2",5.21530959070038,-21.0637534694985,3.20409532256192,-6.57400961862032,4.89780654625284e-11,5.23379607532579e-07
"BLOC1S5-TXNDC5","ENSG00000259040.5",17.8360232994047,24.6969215826993,3.87163820290757,6.3789332288725,1.7832575908955e-10,1.27039270775395e-06
"TBC1D3","ENSG00000274611.4",84.1667003481807,-21.4172746148332,4.02103948125603,-5.32630299072399,1.00231882706293e-07,0.000535538949299725
"SV2C","ENSG00000122012.14",17.592493284613,-4.86035568484924,1.01385198874457,-4.79394994418039,1.63529093409806e-06,0.00698988756870876
"TAF11L5","ENSG00000284234.1",6.92148795298627,-17.5616076469751,3.72486579242445,-4.7146954080041,2.42072593206358e-06,0.00862262577001047
"GNL3LP1","ENSG00000215032.2",23.4470147407631,-8.01675229145277,1.79079244510331,-4.47665072151355,7.58231447240468e-06,0.0231498892720333
"ENSG00000285901","ENSG00000285901.2",4.58548576885341,-17.1848271572947,3.94316535891259,-4.3581299775959,1.31178474600497e-05,0.0350443294895229
